Workbook

Sheet Incident Log
A1: Incident ID | B1: Title | C1: category | D1: Priority | E1: Status | F1: Assigned To | G1: Affected Service | H1: Date Opened | I1: Time Opened | J1: Date Closed | K1: Time Closed | L1: MTTR (hrs) | M1: SLA Breach | N1: Resolution Notes
A2: INC001 | B2: Application Outage | C2: Application | D2: P1 | E2: Resolved | F2: Priya Sharma | G2: Customer Portal | H2: 45809 | I2: 0.375 | J2: 45809 | K2: 0.40763889 | L2: =IFERROR((((J2-H2)*24)+(HOUR(K2)-HOUR(I2))+(MINUTE(K2)-MINUTE(I2))/60),"") -> 0.78333333 | M2: =IF(D2="P1",IF(L2>4,"YES","NO"),IF(D2="P2",IF(L2>8,"YES","NO"),IF(D2="P3",IF(L2>24,"YES","NO"),IF(D2="P4",IF(L2>48,"YES","NO"),"")))) -> NO | N2: Application server restarted, root cause identified as memory leak
A3: INC002 | B3: Database Connection Failure | C3: Database | D3: P1 | E3: Resolved | F3: Rahul Mehta | G3: Payment Service | H3: 45813 | I3: 0.58333333 | J3: 45813 | K3: 0.63333333 | L3: =IFERROR((((J3-H3)*24)+(HOUR(K3)-HOUR(I3))+(MINUTE(K3)-MINUTE(I3))/60),"") -> 1.2 | M3: =IF(D3="P1",IF(L3>4,"YES","NO"),IF(D3="P2",IF(L3>8,"YES","NO"),IF(D3="P3",IF(L3>24,"YES","NO"),IF(D3="P4",IF(L3>48,"YES","NO"),"")))) -> NO | N3: DB connection pool exhausted, increased pool size and restarted service
A4: INC003 | B4: Server Unreachable | C4: Infrastructure | D4: P2 | E4: Resolved | F4: Sneha Patil | G4: Internal HR System | H4: 45818 | I4: 0.47916667 | J4: 45818 | K4: 0.54166667 | L4: =IFERROR((((J4-H4)*24)+(HOUR(K4)-HOUR(I4))+(MINUTE(K4)-MINUTE(I4))/60),"") -> 1.5 | M4: =IF(D4="P1",IF(L4>4,"YES","NO"),IF(D4="P2",IF(L4>8,"YES","NO"),IF(D4="P3",IF(L4>24,"YES","NO"),IF(D4="P4",IF(L4>48,"YES","NO"),"")))) -> NO | N4: Server rebooted after hardware fault detected, monitoring enabled
A5: INC004 | B5: Authentication Service Failur | C5: Security | D5: P1 | E5: Resolved | F5: Amit Verma | G5: Login Portal | H5: 45820 | I5: 0.34375 | J5: 45820 | K5: 0.375 | L5: =IFERROR((((J5-H5)*24)+(HOUR(K5)-HOUR(I5))+(MINUTE(K5)-MINUTE(I5))/60),"") -> 0.75 | M5: =IF(D5="P1",IF(L5>4,"YES","NO"),IF(D5="P2",IF(L5>8,"YES","NO"),IF(D5="P3",IF(L5>24,"YES","NO"),IF(D5="P4",IF(L5>48,"YES","NO"),"")))) -> NO | N5: SSO token expiry issue fixed, auth service restarted
A6: INC005 | B6: Storage Degradation | C6: Infrastructure | D6: P2 | E6: Resolved | F6: Priya Sharma | G6: File Storage Services | H6: 45823 | I6: 0.41666667 | J6: 45823 | K6: 0.47916667 | L6: =IFERROR((((J6-H6)*24)+(HOUR(K6)-HOUR(I6))+(MINUTE(K6)-MINUTE(I6))/60),"") -> 1.5 | M6: =IF(D6="P1",IF(L6>4,"YES","NO"),IF(D6="P2",IF(L6>8,"YES","NO"),IF(D6="P3",IF(L6>24,"YES","NO"),IF(D6="P4",IF(L6>48,"YES","NO"),"")))) -> NO | N6: Disk cleanup performed, storage alerts cleared
A7: INC006 | B7: API Gateway Timeout | C7: Application | D7: P2 | E7: Resolved | F7: Rahul Mehta | G7: Payment API | H7: 45826 | I7: 0.54166667 | J7: 45826 | K7: 0.59375 | L7: =IFERROR((((J7-H7)*24)+(HOUR(K7)-HOUR(I7))+(MINUTE(K7)-MINUTE(I7))/60),"") -> 1.25 | M7: =IF(D7="P1",IF(L7>4,"YES","NO"),IF(D7="P2",IF(L7>8,"YES","NO"),IF(D7="P3",IF(L7>24,"YES","NO"),IF(D7="P4",IF(L7>48,"YES","NO"),"")))) -> NO | N7: API rate limit increased, timeout threshold adjusted
A8: INC007 | B8: Email Service Down | C8: Application | D8: P3 | E8: Resolved | F8: Sneha Patil | G8: Email Notification Service | H8: 45828 | I8: 0.39583333 | J8: 45828 | K8: 0.41666667 | L8: =IFERROR((((J8-H8)*24)+(HOUR(K8)-HOUR(I8))+(MINUTE(K8)-MINUTE(I8))/60),"") -> 0.5 | M8: =IF(D8="P1",IF(L8>4,"YES","NO"),IF(D8="P2",IF(L8>8,"YES","NO"),IF(D8="P3",IF(L8>24,"YES","NO"),IF(D8="P4",IF(L8>48,"YES","NO"),"")))) -> NO | N8: SMTP server credentials rotated, service restored
A9: INC008 | B9: High CPU Alert | C9: Infrastructure | D9: P2 | E9: Resolved | F9: Amit Verma | G9: App Server Cluster | H9: 45830 | I9: 0.66666667 | J9: 45830 | K9: 0.72222222 | L9: =IFERROR((((J9-H9)*24)+(HOUR(K9)-HOUR(I9))+(MINUTE(K9)-MINUTE(I9))/60),"") -> 1.3333333 | M9: =IF(D9="P1",IF(L9>4,"YES","NO"),IF(D9="P2",IF(L9>8,"YES","NO"),IF(D9="P3",IF(L9>24,"YES","NO"),IF(D9="P4",IF(L9>48,"YES","NO"),"")))) -> NO | N9: Runaway process identified and killed, CPU normalised
A10: INC009 | B10: SSL Certificate Expiry | C10: Security | D10: P3 | E10: Resolved | F10: Priya Sharma | G10: Customer Facing Website | H10: 45833 | I10: 0.33333333 | J10: 45833 | K10: 0.36458333 | L10: =IFERROR((((J10-H10)*24)+(HOUR(K10)-HOUR(I10))+(MINUTE(K10)-MINUTE(I10))/60),"") -> 0.75 | M10: =IF(D10="P1",IF(L10>4,"YES","NO"),IF(D10="P2",IF(L10>8,"YES","NO"),IF(D10="P3",IF(L10>24,"YES","NO"),IF(D10="P4",IF(L10>48,"YES","NO"),"")))) -> NO | N10: SSL certificate renewed and deployed successfully
A11: INC010 | B11: Application Outage | C11: Application | D11: P1 | E11: Resolved | F11: Priya Sharma | G11: Customer Portal | H11: 45840 | I11: 0.375 | J11: 45840 | K11: 0.40763889 | L11: =IFERROR((((J11-H11)*24)+(HOUR(K11)-HOUR(I11))+(MINUTE(K11)-MINUTE(I11))/60),"") -> 0.78333333 | M11: =IF(D11="P1",IF(L11>4,"YES","NO"),IF(D11="P2",IF(L11>8,"YES","NO"),IF(D11="P3",IF(L11>24,"YES","NO"),IF(D11="P4",IF(L11>48,"YES","NO"),"")))) -> NO | N11: Application server restarted, root cause identified as memory leak
A12: INC011 | B12: Database Connection Failure | C12: Database | D12: P1 | E12: Resolved | F12: Rahul Mehta | G12: Payment Service | H12: 45841 | I12: 0.58333333 | J12: 45841 | K12: 0.63333333 | L12: =IFERROR((((J12-H12)*24)+(HOUR(K12)-HOUR(I12))+(MINUTE(K12)-MINUTE(I12))/60),"") -> 1.2 | M12: =IF(D12="P1",IF(L12>4,"YES","NO"),IF(D12="P2",IF(L12>8,"YES","NO"),IF(D12="P3",IF(L12>24,"YES","NO"),IF(D12="P4",IF(L12>48,"YES","NO"),"")))) -> NO | N12: DB connection pool exhausted, increased pool size and restarted service
A13: INC012 | B13: Server Unreachable | C13: Infrastructure | D13: P2 | E13: Resolved | F13: Sneha Patil | G13: Internal HR System | H13: 45842 | I13: 0.47916667 | J13: 45842 | K13: 0.54166667 | L13: =IFERROR((((J13-H13)*24)+(HOUR(K13)-HOUR(I13))+(MINUTE(K13)-MINUTE(I13))/60),"") -> 1.5 | M13: =IF(D13="P1",IF(L13>4,"YES","NO"),IF(D13="P2",IF(L13>8,"YES","NO"),IF(D13="P3",IF(L13>24,"YES","NO"),IF(D13="P4",IF(L13>48,"YES","NO"),"")))) -> NO | N13: Server rebooted after hardware fault detected, monitoring enabled
... A46: INC045 | B46: SSL Certificate Expiry | C46: Security | D46: P3 | E46: Resolved | F46: Priya Sharma | G46: Customer Facing Website | H46: 45875 | I46: 0.33333333 | J46: 45875 | K46: 0.36458333 | L46: =IFERROR((((J46-H46)*24)+(HOUR(K46)-HOUR(I46))+(MINUTE(K46)-MINUTE(I46))/60),"") -> 0.75 | M46: =IF(D46="P1",IF(L46>4,"YES","NO"),IF(D46="P2",IF(L46>8,"YES","NO"),IF(D46="P3",IF(L46>24,"YES","NO"),IF(D46="P4",IF(L46>48,"YES","NO"),"")))) -> NO | N46: SSL certificate renewed and deployed successfully

Sheet Problem Records
A1: Problem ID | B1: Linked Incident IDs | C1: Problem Title | D1: Category | E1: Status | F1: Root Cause | G1: Workaround | H1: Assigned To | I1: Date Raised | J1: Date Resolved
A2: PRB001 | B2: INC001, INC004 | C2: Recurring Application Server Crashes | D2: Application | E2: Resolved | F2: Memory leak in application code causing server crashes | G2: Restart application server every 6 hours as temporary fix | H2: Priya Sharma | I2: 45811 | J2: 45828
A3: PRB002 | B3: INC002 | C3: Database Connection Pool Exhaustion | D3: Database | E3: Resolved | F3: Connection pool size too low for peak traffic | G3: Manually increase connection pool size during peak hours | H3: Rahul Mehta | I3: 45815 | J3: 45833
A4: PRB003 | B4: INC003, INC005 | C4: Infrastructure Instability | D4: Infrastructure | E4: In Progress | F4: Aging hardware causing intermittent failures | G4: Monitor closely and reboot affected servers proactively | H4: Sneha Patil | I4: 45820 | J4: ``
A5: PRB004 | B5: INC006 | C5: API Gateway Timeout Under Load | D5: Application | E5: Resolved | F5: Rate limit too low for high traffic periods | G5: Temporarily increase rate limit during business hours | H5: Rahul Mehta | I5: 45828 | J5: 45838
A6: PRB005 | B6: INC007, INC009 | C6: Recurring Security Certificate Issues | D6: Security | E6: Resolved | F6: No automated SSL certificate renewal process in place | G6: Manual certificate renewal every 90 days until automation implemented | H6: Amit Verma | I6: 45830 | J6: 45836

Sheet  KEDB
A1: KEDB ID | B1: Error Title | C1: Category | D1: Symptoms | E1: Workaround | F1: Linked Problem ID | G1: Status | H1: Last Updated
A2: KEDB001 | B2: Application Server Memory Leak | C2: Application | D2: High memory usage, server crashes, slow response | E2: Restart application server, monitor memory every 2 hours | F2: PRB001 | G2: Resolved | H2: 45828
A3: KEDB002 | B3: Database Connection Pool Exhaustion | C3: Database | D3: Connection timeout errors, service unavailable | E3: Increase connection pool size, restart DB service | F3: PRB002 | G3: Resolved | H3: 45833
A4: KEDB003 | B4: Server Hardware Failure | C4: Infrastructure | D4: Server unreachable, ping failure, service down | E4: Reboot server, failover to backup if available | F4: PRB003 | G4: In Progress | H4: 45818
A5: KEDB004 | B5: API Gateway Timeout | C5: Application | D5: 504 errors, slow API response, request failures | E5: Increase rate limit, restart API gateway service | F5: PRB004 | G5: Resolved | H5: 45838
A6: KEDB005 | B6: SSL Certificate Expiry | C6: Security | D6: HTTPS errors, browser warnings, service inaccessible | E6: Renew SSL certificate immediately, deploy to server | F6: PRB005 | G6: Resolved | H6: 45836
A7: KEDB006 | B7: SSO Token Expiry | C7: Security | D7: Login failures, authentication errors, session timeout | E7: Restart auth service, rotate SSO tokens | F7: PRB006 | G7: Resolved | H7: 45820
A8: KEDB007 | B8: Disk Space Critical | C8: Infrastructure | D8: Slow system performance, write failures, alerts firing | E8: Run disk cleanup, archive old logs, expand storage | F8: PRB003 | G8: Resolved | H8: 45823
A9: KEDB008 | B9: SMTP Server Authentication Failure | C9: Application | D9: Emails not sending, notification service down | E9: Rotate SMTP credentials, restart email service | F9: PRB005 | G9: Resolved | H9: 45828
A10: KEDB009 | B10: High CPU Usage on App Server | C10: Infrastructure | D10: Slow application response, CPU above 90% | E10: Identify and kill runaway process, scale up server | F10: PRB003 | G10: Resolved | H10: 45830
A11: KEDB010 | B11: Storage Service Degradation | C11: Infrastructure | D11: File upload failures, storage read errors | E11: Clear disk space, restart storage service | F11: PRB003 | G11: Resolved | H11: 45823

Sheet Change Requests
A1: CR ID | B1: Title | C1: Category | D1: Change Type | E1: Risk Level | F1: Linked Problem ID | G1: CAB Approval | H1: Implementation Window | I1: Status | J1: Notes
A2: CR001 | B2: Fix Memory Leak in Application Code | C2: Application | D2: Normal | E2: High | F2: PRB001 | G2: Approved | H2: 21-06-2025 02:00 - 04:00 | I2: Completed | J2: Code fix deployed, memory usage normalised post implementation
A3: CR002 | B3: Increase Database Connection Pool Size | C3: Database | D3: Normal | E3: Medium | F3: PRB002 | G3: Approved | H3: 26-06-2025 01:00 - 02:00 | I3: Completed | J3: Connection pool increased from 50 to 200, no further timeouts
A4: CR003 | B4: Hardware Replacement for Aging Servers | C4: Infrastructure | D4: Major | E4: High | F4: PRB003 | G4: Pending | H4: TBD | I4: In Progress | J4: Hardware procurement in progress, scheduled for next maintenance window
A5: CR004 | B5: Implement Automated SSL Certificate Renewal | C5: Security | D5: Normal | E5: Low | F5: PRB005 | G5: Approved | H5: 29-06-2025 00:00 - 01:00 | I5: Completed | J5: Auto renewal configured via certbot, alerts set for 30 days before expiry
A6: CR005 | B6: Increase API Gateway Rate Limit | C6: Application | D6: Standard | E6: Low | F6: PRB004 | G6: Approved | H6: 01-07-2025 03:00 - 04:00 | I6: Completed | J6: Rate limit increased from 1000 to 5000 requests per minute, no further timeouts

Sheet Dashboard
A1: ITSM Incident Operations Dashboard
A3: Total Incidents | B3: =COUNTA('Incident Log'!A2:A46) -> 45
A4: P1 Incidents | B4: =COUNTIF('Incident Log'!D2:D46,"P1") -> 15
A5: P2 Incidents | B5: =COUNTIF('Incident Log'!D2:D46,"P2") -> 20
A6: P3 Incidents | B6: =COUNTIF('Incident Log'!D2:D46,"P3") -> 10
A7: P4 Incidents | B7: =COUNTIF('Incident Log'!D2:D46,"P4") -> 0
A9: SLA Breached | B9: =COUNTIF('Incident Log'!M2:M46,"YES") -> 0
A10: SLA Met | B10: =COUNTIF('Incident Log'!M2:M46,"NO") -> 45
A12: Average MTTR (hrs) | B12: =ROUND(AVERAGE('Incident Log'!L2:L46),2) -> 1.06
A13: SLA Compliance % | B13: =ROUND((B10/B3)*100,2)&"%" -> 100%
